scan_id,sequence,scan_file,notes
001,1,001.jpg,
002,2,002.jpg,
003,3,003.jpg,
004,4,004.jpg,
005,5,005.jpg,
006,6,006.jpg,
007,7,007.jpg,
008,8,008.jpg,
009,9,009.jpg,
010,10,010.jpg,
011,11,011.jpg,
012,12,012.jpg,
013,13,013.jpg,
014,14,014.jpg,
015,15,015.jpg,
016,16,016.jpg,
017,17,017.jpg,
018,18,018.jpg,
019,19,019.jpg,
020,20,020.jpg,
021,21,021.jpg,
022,22,022.jpg,
023,23,023.jpg,
024,24,024.jpg,
025,25,025.jpg,
026,26,026.jpg,
027,27,027.jpg,
028,28,028.jpg,
029,29,029.jpg,
030,30,030.jpg,
031,31,031.jpg,
032,32,032.jpg,
033,33,033.jpg,
034,34,034.jpg,
035,35,035.jpg,
036,36,036.jpg,
037,37,037.jpg,
038,38,038.jpg,
039,39,039.jpg,
040,40,040.jpg,
041,41,041.jpg,
042,42,042.jpg,
043,43,043.jpg,
044,44,044.jpg,
045,45,045.jpg,
046,46,046.jpg,
047,47,047.jpg,
048,48,048.jpg,
049,49,049.jpg,
050,50,050.jpg,
051,51,051.jpg,
052,52,052.jpg,
053,53,053.jpg,
054,54,054.jpg,
055,55,055.jpg,
056,56,056.jpg,
057,57,057.jpg,
058,58,058.jpg,
059,59,059.jpg,
060,60,060.jpg,
061,61,061.jpg,
062,62,062.jpg,
063,63,063.jpg,
064,64,064.jpg,
065,65,065.jpg,
066,66,066.jpg,
067,67,067.jpg,
068,68,068.jpg,
069,69,069.jpg,
070,70,070.jpg,
071,71,071.jpg,
072,72,072.jpg,
073,73,073.jpg,
074,74,074.jpg,
075,75,075.jpg,
076,76,076.jpg,
077,77,077.jpg,
078,78,078.jpg,
079,79,079.jpg,
080,80,080.jpg,
081,81,081.jpg,
082,82,082.jpg,
083,83,083.jpg,
084,84,084.jpg,
085,85,085.jpg,
086,86,086.jpg,
087,87,087.jpg,
088,88,088.jpg,
089,89,089.jpg,
090,90,090.jpg,
091,91,091.jpg,
092,92,092.jpg,
093,93,093.jpg,
094,94,094.jpg,
095,95,095.jpg,
096,96,096.jpg,
097,97,097.jpg,
098,98,098.jpg,
099,99,099.jpg,
100,100,100.jpg,
101,101,101.jpg,
102,102,102.jpg,
103,103,103.jpg,
104,104,104.jpg,
105,105,105.jpg,
106,106,106.jpg,
107,107,107.jpg,
108,108,108.jpg,
109,109,109.jpg,
110,110,110.jpg,
111,111,111.jpg,
112,112,112.jpg,
113,113,113.jpg,
114,114,114.jpg,
115,115,115.jpg,
116,116,116.jpg,
117,117,117.jpg,
118,118,118.jpg,
119,119,119.jpg,
120,120,120.jpg,
121,121,121.jpg,
122,122,122.jpg,
123,123,123.jpg,
124,124,124.jpg,
125,125,125.jpg,
126,126,126.jpg,
127,127,127.jpg,
128,128,128.jpg,
129,129,129.jpg,
130,130,130.jpg,
